Artwork URL,Status
https://www.fxhash.xyz/generative/30661,Timeout - Page took too long to load
https://www.fxhash.xyz/generative/30662,Timeout - Page took too long to load
https://www.fxhash.xyz/generative/30663,Timeout - Page took too long to load
https://www.fxhash.xyz/generative/30664,Timeout - Page took too long to load
https://www.fxhash.xyz/generative/30665,Timeout - Page took too long to load
https://www.fxhash.xyz/generative/30666,Timeout - Page took too long to load
https://www.fxhash.xyz/generative/30667,Timeout - Page took too long to load
https://www.fxhash.xyz/generative/30668,Timeout - Page took too long to load
https://www.fxhash.xyz/generative/30669,Timeout - Page took too long to load
